,biocarta entry,biocarta p,chr entry,chr p,cp entry,cp p,go entry,go p,kegg entry,kegg p,mir entry,mir p,reactome entry,reactome p
0,BIOCARTA_FEEDER_PATHWAY,0.466795605797,chr6p21,1.41055100585e-05,KEGG_PENTOSE_PHOSPHATE_PATHWAY,0.000432477435444,GO_NUCLEOLUS,7.82325851477e-06,KEGG_PENTOSE_PHOSPHATE_PATHWAY,0.000432477435444,"AACTGGA,MIR-145",0.00173302614442,REACTOME_METABOLISM_OF_CARBOHYDRATES,0.00223642842979
1,BIOCARTA_SET_PATHWAY,0.00293175739503,chr6p21,0.000263361543762,REACTOME_CELL_CYCLE,1.28160067446e-11,GO_CELL_CYCLE,2.52016288077e-12,KEGG_DNA_REPLICATION,4.1501873445e-08,"GCACTTT,MIR-17-5P,MIR-20A,MIR-106A,MIR-106B,MIR-20B,MIR-519D",0.03781986082,REACTOME_CELL_CYCLE,1.28160067446e-11
2,,,chr10q24,0.38642538859,REACTOME_ACTIVATION_OF_BH3_ONLY_PROTEINS,0.0554492325144,GO_MITOCHONDRION_ORGANIZATION,0.00063222202725,KEGG_MISMATCH_REPAIR,0.074999962519,"GTACAGG,MIR-486",0.188842464546,REACTOME_ACTIVATION_OF_BH3_ONLY_PROTEINS,0.0554492325144
3,BIOCARTA_NO1_PATHWAY,0.0860794159473,chr4q32,0.169373328527,PID_INSULIN_PATHWAY,0.000168546879147,GO_REGULATION_OF_TRANSPORTER_ACTIVITY,9.42293147961e-06,KEGG_ALDOSTERONE_REGULATED_SODIUM_REABSORPTION,0.109523436624,"GTGCCTT,MIR-506",0.000467551662727,REACTOME_HORMONE_SENSITIVE_LIPASE_HSL_MEDIATED_TRIACYLGLYCEROL_HYDROLYSIS,0.0339322191861
4,,,chr9q32,0.0880434220402,KEGG_AXON_GUIDANCE,0.000702370570711,GO_PEPTIDYL_ARGININE_METHYLATION,0.0274097744668,KEGG_AXON_GUIDANCE,0.000702370570711,"CCACACA,MIR-147",0.123212501678,REACTOME_SEMA4D_INDUCED_CELL_MIGRATION_AND_GROWTH_CONE_COLLAPSE,0.0528467539809
5,BIOCARTA_MCALPAIN_PATHWAY,0.000150362486984,chr17q25,0.00623923849461,KEGG_REGULATION_OF_ACTIN_CYTOSKELETON,1.35025087786e-05,GO_CELL_SUBSTRATE_JUNCTION,7.00951408931e-20,KEGG_REGULATION_OF_ACTIN_CYTOSKELETON,1.35025087786e-05,"CCTGCTG,MIR-214",0.00899133253113,REACTOME_APOPTOTIC_CLEAVAGE_OF_CELLULAR_PROTEINS,0.000636806156135
6,BIOCARTA_PTDINS_PATHWAY,0.00399325040635,chr8p21,0.0829669844472,KEGG_GALACTOSE_METABOLISM,2.8522324858e-05,GO_ORGANONITROGEN_COMPOUND_METABOLIC_PROCESS,9.0450086887e-08,KEGG_GALACTOSE_METABOLISM,2.8522324858e-05,"GCTTGAA,MIR-498",0.00252314173178,REACTOME_METABOLISM_OF_CARBOHYDRATES,0.000998122346011
7,BIOCARTA_AKAP13_PATHWAY,0.620794535571,chr6p21,0.0115049361849,REACTOME_ADAPTIVE_IMMUNE_SYSTEM,0.000141046515318,GO_ENZYME_BINDING,3.27773037282e-09,KEGG_UBIQUITIN_MEDIATED_PROTEOLYSIS,0.0551479959218,"ACTGCCT,MIR-34B",5.57633600288e-09,REACTOME_ADAPTIVE_IMMUNE_SYSTEM,0.000141046515318
8,BIOCARTA_IL4_PATHWAY,0.421002485818,chr6p21,5.57804016611e-08,KEGG_NON_SMALL_CELL_LUNG_CANCER,0.00142747591221,GO_CELL_PROJECTION,1.31569695979e-06,KEGG_NON_SMALL_CELL_LUNG_CANCER,0.00142747591221,"ACTTTAT,MIR-142-5P",0.0157272157224,REACTOME_DOWNREGULATION_OF_ERBB2_ERBB3_SIGNALING,0.00318184403294
9,BIOCARTA_SARS_PATHWAY,0.00188687689844,chr1p36,0.0103336597097,REACTOME_METABOLISM_OF_PROTEINS,8.13221163602e-19,GO_AMIDE_BIOSYNTHETIC_PROCESS,5.66209527388e-19,KEGG_RIBOSOME,4.03138515384e-14,"ACATTCC,MIR-1,MIR-206",0.168716395117,REACTOME_METABOLISM_OF_PROTEINS,8.13221163602e-19
10,BIOCARTA_CREB_PATHWAY,0.0298784467848,chr5q23,0.278543591779,KEGG_ARGININE_AND_PROLINE_METABOLISM,0.00341516538546,GO_REGULATION_OF_CELL_DIFFERENTIATION,1.61647070841e-08,KEGG_ARGININE_AND_PROLINE_METABOLISM,0.00341516538546,"ATGTACA,MIR-493",2.2324799022e-06,REACTOME_CELL_EXTRACELLULAR_MATRIX_INTERACTIONS,0.00785938325232
11,BIOCARTA_ECM_PATHWAY,0.000107825350574,chr12q23,0.00736611980787,PID_VEGFR1_2_PATHWAY,7.7820114678e-07,GO_POSITIVE_REGULATION_OF_RESPONSE_TO_STIMULUS,2.96266037529e-08,KEGG_FOCAL_ADHESION,0.00015899644893,"GTGCCTT,MIR-506",6.12117363659e-07,REACTOME_SIGNALING_BY_SCF_KIT,8.49634966903e-05
12,BIOCARTA_SHH_PATHWAY,0.145916962616,chr6p21,0.0163447019639,REACTOME_SYNTHESIS_OF_BILE_ACIDS_AND_BILE_SALTS_VIA_24_HYDROXYCHOLESTEROL,0.0912755067177,GO_TISSUE_DEVELOPMENT,0.001828390552,KEGG_PRIMARY_BILE_ACID_BIOSYNTHESIS,0.145916962616,"TCTCTCC,MIR-185",0.0193015822194,REACTOME_SYNTHESIS_OF_BILE_ACIDS_AND_BILE_SALTS_VIA_24_HYDROXYCHOLESTEROL,0.0912755067177
13,BIOCARTA_VEGF_PATHWAY,0.132276071353,chr8q12,0.259516229812,REACTOME_METABOLISM_OF_PROTEINS,1.63097490929e-05,GO_PEPTIDE_METABOLIC_PROCESS,0.00193041055611,KEGG_N_GLYCAN_BIOSYNTHESIS,0.209584547869,"AAGTCCA,MIR-422B,MIR-422A",0.322961881122,REACTOME_METABOLISM_OF_PROTEINS,1.63097490929e-05
14,BIOCARTA_EXTRINSIC_PATHWAY,0.0593581303634,chr4p14,0.17322548098,BIOCARTA_EXTRINSIC_PATHWAY,0.0593581303634,GO_CHROMOSOME_ORGANIZATION,0.0103719530869,KEGG_COMPLEMENT_AND_COAGULATION_CASCADES,0.313905325842,"CAGCAGG,MIR-370",0.00704198874674,REACTOME_FORMATION_OF_FIBRIN_CLOT_CLOTTING_CASCADE,0.145931225446
